month,avg_ride_length_member
1,697.1066979
2,661.8178952
3,701.4249536
4,679.8689714
5,782.9748648
6,819.756818
7,806.871383
8,786.1613061
9,758.7862357
10,693.0257166
11,657.0076847
12,620.2627527